{"groq": 1784745989.6906054, "cerebras": 1784746877.3066938, "openrouter": 1784746878.1447287}