{"groq": 1784835758.4391818, "cerebras": 1784835792.5323572, "openrouter": 1784835794.3281775}